[
  {
    "id": "2",
    "name": "Rahel Wolvey",
    "email": "example@email.com",
    "job_functions": "Lorem ipsum",
    "registration_date": "3/25/2025",
    "phone": "900-398-9958",
    "schelude": "",
    "status": true
  },
  {
    "id": "3",
    "name": "Lou Duck",
    "email": "example@email.com",
    "job_functions": "Lorem ipsum",
    "registration_date": "9/7/2023",
    "phone": "798-697-3539",
    "schelude": "",
    "status": false
  },
  {
    "id": "4",
    "name": "Hedwiga Call",
    "email": "example@email.com",
    "job_functions": "Lorem ipsum",
    "registration_date": "3/26/2021",
    "phone": "753-793-0247",
    "schelude": "",
    "status": false
  },
  {
    "id": "5",
    "name": "Leonelle Roddy",
    "email": "example@email.com",
    "job_functions": "Lorem ipsum",
    "registration_date": "3/30/2021",
    "phone": "892-372-2556",
    "schelude": "",
    "status": false
  },
  {
    "id": "6",
    "name": "Carol Oakhill",
    "email": "example@email.com",
    "job_functions": "Lorem ipsum",
    "registration_date": "6/24/2020",
    "phone": "678-435-9465",
    "schelude": "",
    "status": false
  },
  {
    "id": "7",
    "name": "Kenna Misken",
    "email": "example@email.com",
    "job_functions": "Lorem ipsum",
    "registration_date": "12/13/2021",
    "phone": "512-803-3736",
    "schelude": "",
    "status": false
  },
  {
    "id": "8",
    "name": "Cordey Anthony",
    "email": "example@email.com",
    "job_functions": "Lorem ipsum",
    "registration_date": "7/16/2021",
    "phone": "737-819-4612",
    "schelude": "",
    "status": true
  },
  {
    "id": "9",
    "name": "Jorge Scemp",
    "email": "example@email.com",
    "job_functions": "Lorem ipsum",
    "registration_date": "8/10/2021",
    "phone": "682-390-2926",
    "schelude": "",
    "status": false
  },
  {
    "id": "10",
    "name": "Marlo Troup",
    "email": "example@email.com",
    "job_functions": "Lorem ipsum",
    "registration_date": "9/21/2023",
    "phone": "906-841-2107",
    "schelude": "",
    "status": true
  },
  {
    "id": "11",
    "name": "Wilton Callum",
    "email": "example@email.com",
    "job_functions": "Lorem ipsum",
    "registration_date": "2/21/2021",
    "phone": "575-376-1144",
    "schelude": "",
    "status": true
  },
  {
    "id": "12",
    "name": "Buddie McArtan",
    "email": "example@email.com",
    "job_functions": "Lorem ipsum",
    "registration_date": "7/21/2022",
    "phone": "613-748-4741",
    "schelude": "",
    "status": true
  },
  {
    "id": "13",
    "name": "Abbot Bartunek",
    "email": "example@email.com",
    "job_functions": "Lorem ipsum",
    "registration_date": "10/14/2020",
    "phone": "839-728-5163",
    "schelude": "",
    "status": false
  },
  {
    "id": "14",
    "name": "Lacie Adamowicz",
    "email": "example@email.com",
    "job_functions": "Lorem ipsum",
    "registration_date": "10/15/2021",
    "phone": "739-312-4111",
    "schelude": "",
    "status": true
  },
  {
    "id": "15",
    "name": "Gus Mablestone",
    "email": "example@email.com",
    "job_functions": "Lorem ipsum",
    "registration_date": "9/29/2021",
    "phone": "723-172-2838",
    "schelude": "",
    "status": true
  },
  {
    "id": "16",
    "name": "Reeba Keene",
    "email": "example@email.com",
    "job_functions": "Lorem ipsum",
    "registration_date": "12/30/2020",
    "phone": "633-590-3454",
    "schelude": "",
    "status": false
  },
  {
    "id": "17",
    "name": "Alysa Oger",
    "email": "example@email.com",
    "job_functions": "Lorem ipsum",
    "registration_date": "1/8/2021",
    "phone": "813-285-5683",
    "schelude": "",
    "status": true
  },
  {
    "id": "18",
    "name": "Alfie Gerin",
    "email": "example@email.com",
    "job_functions": "Lorem ipsum",
    "registration_date": "4/12/2022",
    "phone": "107-210-0813",
    "schelude": "",
    "status": false
  },
  {
    "id": "19",
    "name": "Cleon Fonso",
    "email": "example@email.com",
    "job_functions": "Lorem ipsum",
    "registration_date": "5/16/2020",
    "phone": "368-614-5862",
    "schelude": "",
    "status": false
  },
  {
    "id": "20",
    "name": "Alissa Pee",
    "email": "example@email.com",
    "job_functions": "Lorem ipsum",
    "registration_date": "1/6/2023",
    "phone": "362-216-6795",
    "schelude": "",
    "status": true
  },
  {
    "id": "21",
    "name": "Jilli Halbeard",
    "email": "example@email.com",
    "job_functions": "Lorem ipsum",
    "registration_date": "9/25/2020",
    "phone": "155-228-2713",
    "schelude": "",
    "status": false
  },
  {
    "id": "22",
    "name": "Auguste Belt",
    "email": "example@email.com",
    "job_functions": "Lorem ipsum",
    "registration_date": "2/22/2024",
    "phone": "844-725-6740",
    "schelude": "",
    "status": true
  },
  {
    "id": "23",
    "name": "Sisely Longina",
    "email": "example@email.com",
    "job_functions": "Lorem ipsum",
    "registration_date": "11/26/2024",
    "phone": "348-278-8370",
    "schelude": "",
    "status": true
  },
  {
    "id": "24",
    "name": "Myrtice Naisbet",
    "email": "example@email.com",
    "job_functions": "Lorem ipsum",
    "registration_date": "4/19/2020",
    "phone": "714-969-5093",
    "schelude": "",
    "status": false
  },
  {
    "id": "25",
    "name": "Peder Harley",
    "email": "example@email.com",
    "job_functions": "Lorem ipsum",
    "registration_date": "2/26/2025",
    "phone": "565-315-5364",
    "schelude": "",
    "status": false
  },
  {
    "id": "26",
    "name": "Donavon Really",
    "email": "example@email.com",
    "job_functions": "Lorem ipsum",
    "registration_date": "6/2/2022",
    "phone": "336-419-4070",
    "schelude": "",
    "status": true
  },
  {
    "id": "27",
    "name": "Keith De Ruel",
    "email": "example@email.com",
    "job_functions": "Lorem ipsum",
    "registration_date": "9/11/2021",
    "phone": "193-291-0811",
    "schelude": "",
    "status": false
  },
  {
    "id": "28",
    "name": "Tabbie Pickrell",
    "email": "example@email.com",
    "job_functions": "Lorem ipsum",
    "registration_date": "7/16/2022",
    "phone": "822-853-0016",
    "schelude": "",
    "status": true
  },
  {
    "id": "29",
    "name": "Denis Kilbride",
    "email": "example@email.com",
    "job_functions": "Lorem ipsum",
    "registration_date": "10/11/2024",
    "phone": "733-621-8685",
    "schelude": "",
    "status": true
  },
  {
    "id": "30",
    "name": "Creigh Cummine",
    "email": "example@email.com",
    "job_functions": "Lorem ipsum",
    "registration_date": "6/8/2024",
    "phone": "718-671-1937",
    "schelude": "",
    "status": false
  },
  {
    "id": "31",
    "name": "Celka covino",
    "email": "example@email.com",
    "job_functions": "Lorem ipsum",
    "registration_date": "12/8/2022",
    "phone": "278-639-7363",
    "schelude": "",
    "status": true
  },
  {
    "id": "32",
    "name": "Ebba Foxon",
    "email": "example@email.com",
    "job_functions": "Lorem ipsum",
    "registration_date": "11/21/2020",
    "phone": "965-874-8390",
    "schelude": "",
    "status": true
  },
  {
    "id": "33",
    "name": "Arabela MacCarlich",
    "email": "example@email.com",
    "job_functions": "Lorem ipsum",
    "registration_date": "2/28/2023",
    "phone": "504-138-8527",
    "schelude": "",
    "status": true
  },
  {
    "id": "34",
    "name": "Hyacinthe Havercroft",
    "email": "example@email.com",
    "job_functions": "Lorem ipsum",
    "registration_date": "7/28/2024",
    "phone": "350-776-5625",
    "schelude": "",
    "status": true
  },
  {
    "id": "35",
    "name": "Tilly Arnowicz",
    "email": "example@email.com",
    "job_functions": "Lorem ipsum",
    "registration_date": "1/6/2020",
    "phone": "496-640-4980",
    "schelude": "",
    "status": true
  },
  {
    "id": "36",
    "name": "Harbert Espada",
    "email": "example@email.com",
    "job_functions": "Lorem ipsum",
    "registration_date": "11/19/2022",
    "phone": "284-235-9573",
    "schelude": "",
    "status": true
  },
  {
    "id": "37",
    "name": "Xenos Clougher",
    "email": "example@email.com",
    "job_functions": "Lorem ipsum",
    "registration_date": "12/2/2019",
    "phone": "697-651-2133",
    "schelude": "",
    "status": true
  },
  {
    "id": "38",
    "name": "Benny Boyet",
    "email": "example@email.com",
    "job_functions": "Lorem ipsum",
    "registration_date": "11/20/2023",
    "phone": "537-200-8536",
    "schelude": "",
    "status": true
  },
  {
    "id": "39",
    "name": "Clo Webberley",
    "email": "example@email.com",
    "job_functions": "Lorem ipsum",
    "registration_date": "12/19/2024",
    "phone": "868-617-8817",
    "schelude": "",
    "status": false
  },
  {
    "id": "40",
    "name": "Nevile Pargiter",
    "email": "example@email.com",
    "job_functions": "Lorem ipsum",
    "registration_date": "3/29/2022",
    "phone": "207-151-8647",
    "schelude": "",
    "status": false
  },
  {
    "id": "41",
    "name": "Danny Farady",
    "email": "example@email.com",
    "job_functions": "Lorem ipsum",
    "registration_date": "4/30/2022",
    "phone": "164-398-6837",
    "schelude": "",
    "status": true
  },
  {
    "id": "42",
    "name": "Rodney Heintz",
    "email": "example@email.com",
    "job_functions": "Lorem ipsum",
    "registration_date": "7/12/2023",
    "phone": "466-102-4445",
    "schelude": "",
    "status": false
  },
  {
    "id": "43",
    "name": "Kissie Tynnan",
    "email": "example@email.com",
    "job_functions": "Lorem ipsum",
    "registration_date": "3/2/2020",
    "phone": "141-576-2476",
    "schelude": "",
    "status": true
  },
  {
    "id": "44",
    "name": "Tedmund Boughey",
    "email": "example@email.com",
    "job_functions": "Lorem ipsum",
    "registration_date": "10/27/2020",
    "phone": "856-584-0249",
    "schelude": "",
    "status": false
  },
  {
    "id": "45",
    "name": "Philly Ladewig",
    "email": "example@email.com",
    "job_functions": "Lorem ipsum",
    "registration_date": "11/10/2022",
    "phone": "779-129-7632",
    "schelude": "",
    "status": false
  },
  {
    "id": "46",
    "name": "Dee Seyffert",
    "email": "example@email.com",
    "job_functions": "Lorem ipsum",
    "registration_date": "3/1/2025",
    "phone": "324-921-9030",
    "schelude": "",
    "status": false
  },
  {
    "id": "47",
    "name": "Marris Wickman",
    "email": "example@email.com",
    "job_functions": "Lorem ipsum",
    "registration_date": "2/14/2025",
    "phone": "978-164-7553",
    "schelude": "",
    "status": false
  },
  {
    "id": "48",
    "name": "Siouxie Scrimgeour",
    "email": "example@email.com",
    "job_functions": "Lorem ipsum",
    "registration_date": "10/26/2022",
    "phone": "284-999-8674",
    "schelude": "",
    "status": true
  },
  {
    "id": "49",
    "name": "Jeromy Chillingworth",
    "email": "example@email.com",
    "job_functions": "Lorem ipsum",
    "registration_date": "5/11/2020",
    "phone": "326-154-6703",
    "schelude": "",
    "status": false
  },
  {
    "id": "50",
    "name": "Patty Frain",
    "email": "example@email.com",
    "job_functions": "Lorem ipsum",
    "registration_date": "12/2/2022",
    "phone": "916-240-1246",
    "schelude": "",
    "status": false
  },
  {
    "id": "51",
    "name": "Fanya Gwatkin",
    "email": "example@email.com",
    "job_functions": "Lorem ipsum",
    "registration_date": "12/14/2019",
    "phone": "714-789-1538",
    "schelude": "",
    "status": true
  },
  {
    "id": "52",
    "name": "Shepherd Lacroutz",
    "email": "example@email.com",
    "job_functions": "Lorem ipsum",
    "registration_date": "12/14/2024",
    "phone": "150-157-4649",
    "schelude": "",
    "status": true
  },
  {
    "id": "53",
    "name": "Alford Mergue",
    "email": "example@email.com",
    "job_functions": "Lorem ipsum",
    "registration_date": "5/17/2022",
    "phone": "163-605-6792",
    "schelude": "",
    "status": false
  },
  {
    "id": "54",
    "name": "Sauncho McPhater",
    "email": "example@email.com",
    "job_functions": "Lorem ipsum",
    "registration_date": "10/19/2019",
    "phone": "130-945-9048",
    "schelude": "",
    "status": false
  },
  {
    "id": "55",
    "name": "Drew Veare",
    "email": "example@email.com",
    "job_functions": "Lorem ipsum",
    "registration_date": "9/8/2022",
    "phone": "395-102-7574",
    "schelude": "",
    "status": false
  },
  {
    "id": "56",
    "name": "Roosevelt Gilmartin",
    "email": "example@email.com",
    "job_functions": "Lorem ipsum",
    "registration_date": "10/15/2024",
    "phone": "676-667-8574",
    "schelude": "",
    "status": true
  },
  {
    "id": "57",
    "name": "Gloriana Pothbury",
    "email": "example@email.com",
    "job_functions": "Lorem ipsum",
    "registration_date": "11/9/2024",
    "phone": "298-733-9195",
    "schelude": "",
    "status": false
  },
  {
    "id": "58",
    "name": "Samson Fitchew",
    "email": "example@email.com",
    "job_functions": "Lorem ipsum",
    "registration_date": "3/13/2020",
    "phone": "430-925-7332",
    "schelude": "",
    "status": false
  },
  {
    "id": "59",
    "name": "Neille Renny",
    "email": "example@email.com",
    "job_functions": "Lorem ipsum",
    "registration_date": "3/6/2025",
    "phone": "957-736-8454",
    "schelude": "",
    "status": true
  },
  {
    "id": "60",
    "name": "Curcio Arrington",
    "email": "example@email.com",
    "job_functions": "Lorem ipsum",
    "registration_date": "2/13/2021",
    "phone": "867-472-5806",
    "schelude": "",
    "status": false
  },
  {
    "id": "61",
    "name": "Peyton Gynni",
    "email": "example@email.com",
    "job_functions": "Lorem ipsum",
    "registration_date": "6/18/2024",
    "phone": "864-180-6832",
    "schelude": "",
    "status": false
  },
  {
    "id": "62",
    "name": "Aurie Levesley",
    "email": "example@email.com",
    "job_functions": "Lorem ipsum",
    "registration_date": "5/10/2020",
    "phone": "603-431-2303",
    "schelude": "",
    "status": true
  },
  {
    "id": "63",
    "name": "Irma Barker",
    "email": "example@email.com",
    "job_functions": "Lorem ipsum",
    "registration_date": "11/10/2020",
    "phone": "540-522-1016",
    "schelude": "",
    "status": true
  },
  {
    "id": "64",
    "name": "Kin Voelker",
    "email": "example@email.com",
    "job_functions": "Lorem ipsum",
    "registration_date": "1/25/2021",
    "phone": "375-696-2915",
    "schelude": "",
    "status": true
  },
  {
    "id": "65",
    "name": "Bernardina McKall",
    "email": "example@email.com",
    "job_functions": "Lorem ipsum",
    "registration_date": "7/26/2021",
    "phone": "925-962-6397",
    "schelude": "",
    "status": false
  },
  {
    "id": "66",
    "name": "Rocky Oosthout de Vree",
    "email": "example@email.com",
    "job_functions": "Lorem ipsum",
    "registration_date": "8/29/2021",
    "phone": "697-432-4866",
    "schelude": "",
    "status": true
  },
  {
    "id": "67",
    "name": "Arlin Gulberg",
    "email": "example@email.com",
    "job_functions": "Lorem ipsum",
    "registration_date": "5/25/2022",
    "phone": "480-479-9962",
    "schelude": "",
    "status": false
  },
  {
    "id": "68",
    "name": "Evania Gatecliff",
    "email": "example@email.com",
    "job_functions": "Lorem ipsum",
    "registration_date": "7/11/2020",
    "phone": "463-773-3124",
    "schelude": "",
    "status": false
  },
  {
    "id": "69",
    "name": "Ava Ernke",
    "email": "example@email.com",
    "job_functions": "Lorem ipsum",
    "registration_date": "1/25/2022",
    "phone": "181-331-7447",
    "schelude": "",
    "status": false
  },
  {
    "id": "70",
    "name": "Luise Galle",
    "email": "example@email.com",
    "job_functions": "Lorem ipsum",
    "registration_date": "11/12/2020",
    "phone": "681-129-5244",
    "schelude": "",
    "status": false
  },
  {
    "id": "71",
    "name": "Leesa Farfalameev",
    "email": "example@email.com",
    "job_functions": "Lorem ipsum",
    "registration_date": "6/26/2023",
    "phone": "112-932-2159",
    "schelude": "",
    "status": true
  },
  {
    "id": "72",
    "name": "Daisi Rene",
    "email": "example@email.com",
    "job_functions": "Lorem ipsum",
    "registration_date": "11/30/2022",
    "phone": "213-509-2173",
    "schelude": "",
    "status": false
  },
  {
    "id": "73",
    "name": "Rodolphe Maydwell",
    "email": "example@email.com",
    "job_functions": "Lorem ipsum",
    "registration_date": "10/19/2024",
    "phone": "963-312-6679",
    "schelude": "",
    "status": true
  },
  {
    "id": "74",
    "name": "Griz Gullam",
    "email": "example@email.com",
    "job_functions": "Lorem ipsum",
    "registration_date": "10/9/2020",
    "phone": "750-898-4335",
    "schelude": "",
    "status": false
  },
  {
    "id": "75",
    "name": "Etienne Jeaneau",
    "email": "example@email.com",
    "job_functions": "Lorem ipsum",
    "registration_date": "2/28/2021",
    "phone": "596-619-1922",
    "schelude": "",
    "status": true
  },
  {
    "id": "76",
    "name": "Alene Allmond",
    "email": "example@email.com",
    "job_functions": "Lorem ipsum",
    "registration_date": "5/18/2021",
    "phone": "419-840-7979",
    "schelude": "",
    "status": false
  },
  {
    "id": "77",
    "name": "Sibel De Santos",
    "email": "example@email.com",
    "job_functions": "Lorem ipsum",
    "registration_date": "3/23/2024",
    "phone": "227-871-1466",
    "schelude": "",
    "status": false
  },
  {
    "id": "78",
    "name": "Frederico Tsar",
    "email": "example@email.com",
    "job_functions": "Lorem ipsum",
    "registration_date": "3/23/2024",
    "phone": "575-956-2047",
    "schelude": "",
    "status": true
  },
  {
    "id": "79",
    "name": "Parrnell Sisey",
    "email": "example@email.com",
    "job_functions": "Lorem ipsum",
    "registration_date": "4/22/2022",
    "phone": "927-479-6376",
    "schelude": "",
    "status": false
  },
  {
    "id": "80",
    "name": "Jasper O'Hederscoll",
    "email": "example@email.com",
    "job_functions": "Lorem ipsum",
    "registration_date": "12/11/2020",
    "phone": "969-146-0572",
    "schelude": "",
    "status": false
  },
  {
    "id": "81",
    "name": "Thaddus Tyrwhitt",
    "email": "example@email.com",
    "job_functions": "Lorem ipsum",
    "registration_date": "10/7/2024",
    "phone": "483-920-9010",
    "schelude": "",
    "status": false
  },
  {
    "id": "82",
    "name": "Tibold Stollenhof",
    "email": "example@email.com",
    "job_functions": "Lorem ipsum",
    "registration_date": "4/5/2020",
    "phone": "218-587-7957",
    "schelude": "",
    "status": true
  },
  {
    "id": "83",
    "name": "Joellen Fillon",
    "email": "example@email.com",
    "job_functions": "Lorem ipsum",
    "registration_date": "4/16/2024",
    "phone": "492-406-2836",
    "schelude": "",
    "status": false
  },
  {
    "id": "84",
    "name": "Ulrick Duquesnay",
    "email": "example@email.com",
    "job_functions": "Lorem ipsum",
    "registration_date": "4/19/2023",
    "phone": "401-419-7553",
    "schelude": "",
    "status": false
  },
  {
    "id": "85",
    "name": "Abbye Hardiker",
    "email": "example@email.com",
    "job_functions": "Lorem ipsum",
    "registration_date": "4/23/2020",
    "phone": "919-325-6728",
    "schelude": "",
    "status": true
  },
  {
    "id": "86",
    "name": "Annamaria Cobden",
    "email": "example@email.com",
    "job_functions": "Lorem ipsum",
    "registration_date": "4/17/2020",
    "phone": "757-759-4348",
    "schelude": "",
    "status": true
  },
  {
    "id": "87",
    "name": "Latashia Willbourne",
    "email": "example@email.com",
    "job_functions": "Lorem ipsum",
    "registration_date": "2/9/2022",
    "phone": "214-975-2964",
    "schelude": "",
    "status": true
  },
  {
    "id": "88",
    "name": "Bone Avramovic",
    "email": "example@email.com",
    "job_functions": "Lorem ipsum",
    "registration_date": "2/5/2022",
    "phone": "604-490-1411",
    "schelude": "",
    "status": false
  },
  {
    "id": "89",
    "name": "Haywood Badam",
    "email": "example@email.com",
    "job_functions": "Lorem ipsum",
    "registration_date": "9/1/2023",
    "phone": "919-136-6044",
    "schelude": "",
    "status": false
  },
  {
    "id": "90",
    "name": "Ruprecht Yewdale",
    "email": "example@email.com",
    "job_functions": "Lorem ipsum",
    "registration_date": "10/28/2020",
    "phone": "164-437-5280",
    "schelude": "",
    "status": false
  },
  {
    "id": "91",
    "name": "Merrili Downe",
    "email": "example@email.com",
    "job_functions": "Lorem ipsum",
    "registration_date": "1/31/2024",
    "phone": "202-527-8801",
    "schelude": "",
    "status": true
  },
  {
    "id": "92",
    "name": "Bari Edmondson",
    "email": "example@email.com",
    "job_functions": "Lorem ipsum",
    "registration_date": "6/28/2022",
    "phone": "568-392-9346",
    "schelude": "",
    "status": false
  },
  {
    "id": "93",
    "name": "Haroun O'Beirne",
    "email": "example@email.com",
    "job_functions": "Lorem ipsum",
    "registration_date": "9/27/2024",
    "phone": "796-986-9991",
    "schelude": "",
    "status": false
  },
  {
    "id": "94",
    "name": "Geri Hurtado",
    "email": "example@email.com",
    "job_functions": "Lorem ipsum",
    "registration_date": "10/29/2022",
    "phone": "900-188-4991",
    "schelude": "",
    "status": true
  },
  {
    "id": "95",
    "name": "Jillane Northall",
    "email": "example@email.com",
    "job_functions": "Lorem ipsum",
    "registration_date": "5/10/2020",
    "phone": "295-484-8855",
    "schelude": "",
    "status": true
  },
  {
    "id": "96",
    "name": "Miguela Old",
    "email": "example@email.com",
    "job_functions": "Lorem ipsum",
    "registration_date": "4/9/2020",
    "phone": "226-223-5406",
    "schelude": "",
    "status": false
  },
  {
    "id": "97",
    "name": "Kean Georgeot",
    "email": "example@email.com",
    "job_functions": "Lorem ipsum",
    "registration_date": "8/9/2022",
    "phone": "356-300-2522",
    "schelude": "",
    "status": false
  },
  {
    "id": "98",
    "name": "Justina Dewdeny",
    "email": "example@email.com",
    "job_functions": "Lorem ipsum",
    "registration_date": "10/6/2023",
    "phone": "230-299-3530",
    "schelude": "",
    "status": true
  },
  {
    "id": "99",
    "name": "Whitman Leeburne",
    "email": "example@email.com",
    "job_functions": "Lorem ipsum",
    "registration_date": "9/3/2023",
    "phone": "945-818-8710",
    "schelude": "",
    "status": true
  },
  {
    "id": "100",
    "name": "Selle Parnby",
    "email": "example@email.com",
    "job_functions": "Lorem ipsum",
    "registration_date": "5/22/2023",
    "phone": "862-549-5105",
    "schelude": "",
    "status": false
  },
  {
    "name": "Leia McLennan",
    "email": "example@email.com",
    "job_functions": "Lorem ipsum",
    "registration_date": "4/10/2020",
    "phone": "520-819-6988",
    "schelude": "",
    "status": true,
    "id": "1745487969867"
  }
]